<?xml version="1.0" encoding="UTF-8"?>
<office:document-content xmlns:office="urn:oasis:names:tc:opendocument:xmlns:office:1.0" xmlns:style="urn:oasis:names:tc:opendocument:xmlns:style:1.0" xmlns:text="urn:oasis:names:tc:opendocument:xmlns:text:1.0" xmlns:table="urn:oasis:names:tc:opendocument:xmlns:table:1.0" xmlns:draw="urn:oasis:names:tc:opendocument:xmlns:drawing:1.0" xmlns:fo="urn:oasis:names:tc:opendocument:xmlns:xsl-fo-compatible:1.0" xmlns:xlink="http://www.w3.org/1999/xlink" xmlns:dc="http://purl.org/dc/elements/1.1/" xmlns:meta="urn:oasis:names:tc:opendocument:xmlns:meta:1.0" xmlns:number="urn:oasis:names:tc:opendocument:xmlns:datastyle:1.0" xmlns:svg="urn:oasis:names:tc:opendocument:xmlns:svg-compatible:1.0" xmlns:chart="urn:oasis:names:tc:opendocument:xmlns:chart:1.0" xmlns:dr3d="urn:oasis:names:tc:opendocument:xmlns:dr3d:1.0" xmlns:math="http://www.w3.org/1998/Math/MathML" xmlns:form="urn:oasis:names:tc:opendocument:xmlns:form:1.0" xmlns:script="urn:oasis:names:tc:opendocument:xmlns:script:1.0" xmlns:ooo="http://openoffice.org/2004/office" xmlns:ooow="http://openoffice.org/2004/writer" xmlns:oooc="http://openoffice.org/2004/calc" xmlns:dom="http://www.w3.org/2001/xml-events" xmlns:xforms="http://www.w3.org/2002/xforms" xmlns:xsd="http://www.w3.org/2001/XMLSchema" xmlns:xsi="http://www.w3.org/2001/XMLSchema-instance" xmlns:rpt="http://openoffice.org/2005/report" xmlns:of="urn:oasis:names:tc:opendocument:xmlns:of:1.2" xmlns:xhtml="http://www.w3.org/1999/xhtml" xmlns:grddl="http://www.w3.org/2003/g/data-view#" xmlns:officeooo="http://openoffice.org/2009/office" xmlns:tableooo="http://openoffice.org/2009/table" xmlns:drawooo="http://openoffice.org/2010/draw" xmlns:calcext="urn:org:documentfoundation:names:experimental:calc:xmlns:calcext:1.0" xmlns:loext="urn:org:documentfoundation:names:experimental:office:xmlns:loext:1.0" xmlns:field="urn:openoffice:names:experimental:ooo-ms-interop:xmlns:field:1.0" xmlns:formx="urn:openoffice:names:experimental:ooxml-odf-interop:xmlns:form:1.0" xmlns:css3t="http://www.w3.org/TR/css3-text/" office:version="1.2"><office:scripts/><office:font-face-decls><style:font-face style:name="OpenSymbol" svg:font-family="OpenSymbol" style:font-charset="x-symbol"/><style:font-face style:name="Arial" svg:font-family="Arial"/><style:font-face style:name="Verdana" svg:font-family="Verdana, sans-serif"/><style:font-face style:name="arial" svg:font-family="arial, helvetica, sans-serif"/><style:font-face style:name="verdana" svg:font-family="verdana, geneva"/><style:font-face style:name="FreeSans1" svg:font-family="FreeSans" style:font-family-generic="swiss"/><style:font-face style:name="Liberation Mono" svg:font-family="&apos;Liberation Mono&apos;" style:font-family-generic="modern" style:font-pitch="fixed"/><style:font-face style:name="Nimbus Mono L" svg:font-family="&apos;Nimbus Mono L&apos;" style:font-family-generic="modern" style:font-pitch="fixed"/><style:font-face style:name="Liberation Serif" svg:font-family="&apos;Liberation Serif&apos;" style:font-family-generic="roman" style:font-pitch="variable"/><style:font-face style:name="Liberation Sans" svg:font-family="&apos;Liberation Sans&apos;" style:font-family-generic="swiss" style:font-pitch="variable"/><style:font-face style:name="Droid Sans Fallback" svg:font-family="&apos;Droid Sans Fallback&apos;" style:font-family-generic="system" style:font-pitch="variable"/><style:font-face style:name="FreeSans" svg:font-family="FreeSans" style:font-family-generic="system" style:font-pitch="variable"/></office:font-face-decls><office:automatic-styles><style:style style:name="Table1" style:family="table"><style:table-properties style:width="3.8861in" table:align="left"/></style:style><style:style style:name="Table1.A" style:family="table-column"><style:table-column-properties style:column-width="0.0757in"/></style:style><style:style style:name="Table1.B" style:family="table-column"><style:table-column-properties style:column-width="3.8104in"/></style:style><style:style style:name="Table1.A1" style:family="table-cell"><style:table-cell-properties style:vertical-align="middle" fo:padding="0.0194in" fo:border="none"/></style:style><style:style style:name="Table2" style:family="table"><style:table-properties style:width="2.209in" table:align="left"/></style:style><style:style style:name="Table2.A" style:family="table-column"><style:table-column-properties style:column-width="0.0757in"/></style:style><style:style style:name="Table2.B" style:family="table-column"><style:table-column-properties style:column-width="2.1333in"/></style:style><style:style style:name="Table2.A1" style:family="table-cell"><style:table-cell-properties style:vertical-align="middle" fo:padding="0.0194in" fo:border="none"/></style:style><style:style style:name="Table3" style:family="table"><style:table-properties style:width="2.5882in" table:align="left"/></style:style><style:style style:name="Table3.A" style:family="table-column"><style:table-column-properties style:column-width="0.0757in"/></style:style><style:style style:name="Table3.B" style:family="table-column"><style:table-column-properties style:column-width="2.5125in"/></style:style><style:style style:name="Table3.A1" style:family="table-cell"><style:table-cell-properties style:vertical-align="middle" fo:padding="0.0194in" fo:border="none"/></style:style><style:style style:name="Table4" style:family="table"><style:table-properties style:width="4.5021in" table:align="left"/></style:style><style:style style:name="Table4.A" style:family="table-column"><style:table-column-properties style:column-width="0.0757in"/></style:style><style:style style:name="Table4.B" style:family="table-column"><style:table-column-properties style:column-width="4.4264in"/></style:style><style:style style:name="Table4.A1" style:family="table-cell"><style:table-cell-properties style:vertical-align="middle" fo:padding="0.0194in" fo:border="none"/></style:style><style:style style:name="Table4.B1" style:family="table-cell"><style:table-cell-properties fo:padding="0.0194in" fo:border="none"/></style:style><style:style style:name="Table5" style:family="table"><style:table-properties style:width="3.1417in" table:align="left"/></style:style><style:style style:name="Table5.A" style:family="table-column"><style:table-column-properties style:column-width="0.0757in"/></style:style><style:style style:name="Table5.B" style:family="table-column"><style:table-column-properties style:column-width="3.066in"/></style:style><style:style style:name="Table5.A1" style:family="table-cell"><style:table-cell-properties style:vertical-align="middle" fo:padding="0.0194in" fo:border="none"/></style:style><style:style style:name="Table6" style:family="table"><style:table-properties style:width="2.8451in" table:align="left"/></style:style><style:style style:name="Table6.A" style:family="table-column"><style:table-column-properties style:column-width="0.0757in"/></style:style><style:style style:name="Table6.B" style:family="table-column"><style:table-column-properties style:column-width="2.7694in"/></style:style><style:style style:name="Table6.A1" style:family="table-cell"><style:table-cell-properties style:vertical-align="middle" fo:padding="0.0194in" fo:border="none"/></style:style><style:style style:name="Table7" style:family="table"><style:table-properties style:width="6.95in" table:align="left"/></style:style><style:style style:name="Table7.A" style:family="table-column"><style:table-column-properties style:column-width="2.3097in"/></style:style><style:style style:name="Table7.C" style:family="table-column"><style:table-column-properties style:column-width="2.3306in"/></style:style><style:style style:name="Table7.A1" style:family="table-cell"><style:table-cell-properties style:vertical-align="middle" fo:padding="0.0194in" fo:border="none"/></style:style><style:style style:name="Table7.A2" style:family="table-cell"><style:table-cell-properties fo:padding="0.0194in" fo:border="none"/></style:style><style:style style:name="Table8" style:family="table"><style:table-properties style:width="6.6931in" table:align="left"/></style:style><style:style style:name="Table8.A" style:family="table-column"><style:table-column-properties style:column-width="2.2694in"/></style:style><style:style style:name="Table8.B" style:family="table-column"><style:table-column-properties style:column-width="2.2007in"/></style:style><style:style style:name="Table8.C" style:family="table-column"><style:table-column-properties style:column-width="2.2229in"/></style:style><style:style style:name="Table8.A1" style:family="table-cell"><style:table-cell-properties style:vertical-align="middle" fo:padding="0.0194in" fo:border="none"/></style:style><style:style style:name="Table8.C1" style:family="table-cell"><style:table-cell-properties fo:padding="0.0194in" fo:border="none"/></style:style><style:style style:name="Table9" style:family="table"><style:table-properties style:width="6.6931in" table:align="center"/></style:style><style:style style:name="Table9.A" style:family="table-column"><style:table-column-properties style:column-width="2.1833in"/></style:style><style:style style:name="Table9.B" style:family="table-column"><style:table-column-properties style:column-width="2.2146in"/></style:style><style:style style:name="Table9.C" style:family="table-column"><style:table-column-properties style:column-width="2.2951in"/></style:style><style:style style:name="Table9.A1" style:family="table-cell"><style:table-cell-properties style:vertical-align="middle" fo:padding="0.0194in" fo:border="none"/></style:style><style:style style:name="Table10" style:family="table"><style:table-properties style:width="6.4729in" fo:margin-left="0.0299in" table:align="left"/></style:style><style:style style:name="Table10.A" style:family="table-column"><style:table-column-properties style:column-width="1.9875in"/></style:style><style:style style:name="Table10.B" style:family="table-column"><style:table-column-properties style:column-width="2.6438in"/></style:style><style:style style:name="Table10.C" style:family="table-column"><style:table-column-properties style:column-width="1.8417in"/></style:style><style:style style:name="Table10.1" style:family="table-row"><style:table-row-properties style:min-row-height="2.8056in"/></style:style><style:style style:name="Table10.A1" style:family="table-cell"><style:table-cell-properties fo:padding="0.0194in" fo:border="none"/></style:style><style:style style:name="Table10.B1" style:family="table-cell"><style:table-cell-properties style:vertical-align="middle" fo:padding="0.0194in" fo:border="none"/></style:style><style:style style:name="Table11" style:family="table"><style:table-properties style:width="7.0556in" fo:margin-left="0in" table:align="left"/></style:style><style:style style:name="Table11.A" style:family="table-column"><style:table-column-properties style:column-width="2.2472in"/></style:style><style:style style:name="Table11.B" style:family="table-column"><style:table-column-properties style:column-width="4.8083in"/></style:style><style:style style:name="Table11.A1" style:family="table-cell"><style:table-cell-properties style:vertical-align="middle" fo:padding="0.0194in" fo:border="none"/></style:style><style:style style:name="Table12" style:family="table"><style:table-properties style:width="7.0556in" fo:margin-left="0in" table:align="left"/></style:style><style:style style:name="Table12.A" style:family="table-column"><style:table-column-properties style:column-width="7.0556in"/></style:style><style:style style:name="Table12.A1" style:family="table-cell"><style:table-cell-properties style:vertical-align="middle" fo:padding="0.0194in" fo:border="none"/></style:style><style:style style:name="Table13" style:family="table"><style:table-properties style:width="6.6931in" table:align="left"/></style:style><style:style style:name="Table13.A" style:family="table-column"><style:table-column-properties style:column-width="6.6931in"/></style:style><style:style style:name="Table13.A1" style:family="table-cell"><style:table-cell-properties style:vertical-align="middle" fo:padding="0.0194in" fo:border="none"/></style:style><style:style style:name="Table14" style:family="table"><style:table-properties style:width="6.6542in" table:align="left"/></style:style><style:style style:name="Table14.A" style:family="table-column"><style:table-column-properties style:column-width="0.0625in"/></style:style><style:style style:name="Table14.B" style:family="table-column"><style:table-column-properties style:column-width="6.5917in"/></style:style><style:style style:name="Table14.A1" style:family="table-cell"><style:table-cell-properties style:vertical-align="middle" fo:padding="0.0194in" fo:border="none"/></style:style><style:style style:name="Table15" style:family="table"><style:table-properties style:width="6.6542in" table:align="left"/></style:style><style:style style:name="Table15.A" style:family="table-column"><style:table-column-properties style:column-width="0.0625in"/></style:style><style:style style:name="Table15.B" style:family="table-column"><style:table-column-properties style:column-width="6.5917in"/></style:style><style:style style:name="Table15.A1" style:family="table-cell"><style:table-cell-properties style:vertical-align="middle" fo:padding="0.0194in" fo:border="none"/></style:style><style:style style:name="Table16" style:family="table"><style:table-properties style:width="6.6931in" table:align="left"/></style:style><style:style style:name="Table16.A" style:family="table-column"><style:table-column-properties style:column-width="6.6931in"/></style:style><style:style style:name="Table16.A1" style:family="table-cell"><style:table-cell-properties style:vertical-align="middle" fo:padding="0.0194in" fo:border="none"/></style:style><style:style style:name="Table17" style:family="table"><style:table-properties style:width="6.6542in" table:align="left"/></style:style><style:style style:name="Table17.A" style:family="table-column"><style:table-column-properties style:column-width="0.0625in"/></style:style><style:style style:name="Table17.B" style:family="table-column"><style:table-column-properties style:column-width="6.5917in"/></style:style><style:style style:name="Table17.A1" style:family="table-cell"><style:table-cell-properties style:vertical-align="middle" fo:padding="0.0194in" fo:border="none"/></style:style><style:style style:name="Table18" style:family="table"><style:table-properties style:width="7.7167in" fo:margin-left="0.0458in" table:align="left"/></style:style><style:style style:name="Table18.A" style:family="table-column"><style:table-column-properties style:column-width="7.7167in"/></style:style><style:style style:name="Table18.A1" style:family="table-cell"><style:table-cell-properties style:vertical-align="middle" fo:padding="0.0194in" fo:border="none"/></style:style><style:style style:name="Table19" style:family="table"><style:table-properties style:width="7.6563in" fo:margin-left="0.0639in" table:align="left"/></style:style><style:style style:name="Table19.A" style:family="table-column"><style:table-column-properties style:column-width="0.0625in"/></style:style><style:style style:name="Table19.B" style:family="table-column"><style:table-column-properties style:column-width="7.5938in"/></style:style><style:style style:name="Table19.A1" style:family="table-cell"><style:table-cell-properties style:vertical-align="middle" fo:padding="0.0194in" fo:border="none"/></style:style><style:style style:name="Table20" style:family="table"><style:table-properties style:width="6.6931in" table:align="left"/></style:style><style:style style:name="Table20.A" style:family="table-column"><style:table-column-properties style:column-width="6.6931in"/></style:style><style:style style:name="Table20.A1" style:family="table-cell"><style:table-cell-properties style:vertical-align="middle" fo:padding="0.0194in" fo:border="none"/></style:style><style:style style:name="Table21" style:family="table"><style:table-properties style:width="7.9319in" table:align="left"/></style:style><style:style style:name="Table21.A" style:family="table-column"><style:table-column-properties style:column-width="3.9556in"/></style:style><style:style style:name="Table21.B" style:family="table-column"><style:table-column-properties style:column-width="3.9764in"/></style:style><style:style style:name="Table21.A1" style:family="table-cell"><style:table-cell-properties style:vertical-align="middle" fo:padding="0.0194in" fo:border="none"/></style:style><style:style style:name="P1" style:family="paragraph" style:parent-style-name="Standard"><style:paragraph-properties fo:line-height="100%"/></style:style><style:style style:name="P2" style:family="paragraph" style:parent-style-name="Standard"><style:paragraph-properties fo:line-height="150%"/></style:style><style:style style:name="P3" style:family="paragraph" style:parent-style-name="Standard"><style:text-properties style:font-name="verdana" fo:font-size="12pt"/></style:style><style:style style:name="P4" style:family="paragraph" style:parent-style-name="Standard"><style:text-properties loext:padding="0in" loext:border="none"/></style:style><style:style style:name="P5" style:family="paragraph" style:parent-style-name="Text_20_body"><style:text-properties style:font-name="arial" fo:font-size="12pt"/></style:style><style:style style:name="P6" style:family="paragraph" style:parent-style-name="Text_20_body"><style:paragraph-properties fo:line-height="150%"/></style:style><style:style style:name="P7" style:family="paragraph" style:parent-style-name="Text_20_body"><style:paragraph-properties fo:line-height="125%" fo:text-align="justify" style:justify-single-word="false"/></style:style><style:style style:name="P8" style:family="paragraph" style:parent-style-name="Text_20_body"><style:paragraph-properties fo:text-align="justify" style:justify-single-word="false"/></style:style><style:style style:name="P9" style:family="paragraph" style:parent-style-name="Text_20_body"><style:text-properties style:font-name="verdana" fo:font-size="12pt"/></style:style><style:style style:name="P10" style:family="paragraph" style:parent-style-name="Table_20_Contents"><style:paragraph-properties fo:margin-top="0in" fo:margin-bottom="0in" loext:contextual-spacing="false"/></style:style><style:style style:name="P11" style:family="paragraph" style:parent-style-name="Table_20_Contents"><style:text-properties fo:font-size="2pt" style:font-size-asian="2pt" style:font-size-complex="2pt"/></style:style><style:style style:name="P12" style:family="paragraph" style:parent-style-name="Table_20_Contents"><style:paragraph-properties fo:text-align="center" style:justify-single-word="false"/></style:style><style:style style:name="P13" style:family="paragraph" style:parent-style-name="Table_20_Contents"><style:text-properties officeooo:paragraph-rsid="001176c5"/></style:style><style:style style:name="P14" style:family="paragraph" style:parent-style-name="Table_20_Contents"><style:paragraph-properties fo:text-align="justify" style:justify-single-word="false"/></style:style><style:style style:name="P15" style:family="paragraph" style:parent-style-name="Table_20_Contents"><style:paragraph-properties fo:text-align="start" style:justify-single-word="false"/></style:style><style:style style:name="P16" style:family="paragraph" style:parent-style-name="Table_20_Contents"><style:paragraph-properties fo:margin-top="0in" fo:margin-bottom="0.1965in" loext:contextual-spacing="false"/></style:style><style:style style:name="P17" style:family="paragraph" style:parent-style-name="Table_20_Contents"><style:paragraph-properties fo:margin-top="0in" fo:margin-bottom="0.1965in" loext:contextual-spacing="false"/><style:text-properties style:font-name="arial" officeooo:paragraph-rsid="001176c5"/></style:style><style:style style:name="P18" style:family="paragraph" style:parent-style-name="Table_20_Contents"><style:paragraph-properties fo:margin-top="0in" fo:margin-bottom="0.1965in" loext:contextual-spacing="false" fo:line-height="80%" fo:text-align="center" style:justify-single-word="false"/><style:text-properties style:font-name="arial" fo:font-size="12pt"/></style:style><style:style style:name="P19" style:family="paragraph" style:parent-style-name="Table_20_Contents"><style:paragraph-properties fo:margin-top="0in" fo:margin-bottom="0.1965in" loext:contextual-spacing="false"/><style:text-properties officeooo:paragraph-rsid="001176c5"/></style:style><style:style style:name="P20" style:family="paragraph" style:parent-style-name="Table_20_Contents"><style:paragraph-properties fo:margin-top="0in" fo:margin-bottom="0.1965in" loext:contextual-spacing="false"/><style:text-properties fo:font-size="2pt" officeooo:paragraph-rsid="001176c5" style:font-size-asian="2pt" style:font-size-complex="2pt"/></style:style><style:style style:name="P21" style:family="paragraph" style:parent-style-name="Table_20_Contents"><style:paragraph-properties fo:margin-top="0in" fo:margin-bottom="0.1965in" loext:contextual-spacing="false" fo:text-align="center" style:justify-single-word="false"/><style:text-properties officeooo:paragraph-rsid="001176c5"/></style:style><style:style style:name="P22" style:family="paragraph" style:parent-style-name="Table_20_Contents"><style:paragraph-properties fo:margin-top="0in" fo:margin-bottom="0.1965in" loext:contextual-spacing="false"/><style:text-properties fo:color="#000000" style:font-name="Arial" fo:font-size="12pt" officeooo:paragraph-rsid="001176c5"/></style:style><style:style style:name="P23" style:family="paragraph" style:parent-style-name="Table_20_Contents"><style:paragraph-properties fo:margin-top="0in" fo:margin-bottom="0.1965in" loext:contextual-spacing="false"/><style:text-properties fo:color="#000000" style:font-name="Arial" fo:font-size="12pt" officeooo:paragraph-rsid="00133ba4"/></style:style><style:style style:name="P24" style:family="paragraph" style:parent-style-name="Table_20_Contents"><style:paragraph-properties fo:margin-top="0in" fo:margin-bottom="0.1965in" loext:contextual-spacing="false" fo:text-align="justify" style:justify-single-word="false"/></style:style><style:style style:name="P25" style:family="paragraph" style:parent-style-name="Table_20_Contents"><style:paragraph-properties fo:margin-top="0in" fo:margin-bottom="0.1965in" loext:contextual-spacing="false" fo:text-align="justify" style:justify-single-word="false"/><style:text-properties officeooo:paragraph-rsid="00161e54"/></style:style><style:style style:name="P26" style:family="paragraph" style:parent-style-name="Table_20_Contents"><style:paragraph-properties fo:margin-top="0in" fo:margin-bottom="0.1965in" loext:contextual-spacing="false" fo:line-height="79%"/></style:style><style:style style:name="P27" style:family="paragraph" style:parent-style-name="Table_20_Contents"><style:paragraph-properties fo:margin-top="0in" fo:margin-bottom="0.1965in" loext:contextual-spacing="false" fo:line-height="80%" fo:text-align="center" style:justify-single-word="false"/></style:style><style:style style:name="P28" style:family="paragraph" style:parent-style-name="Table_20_Contents"><style:paragraph-properties fo:margin-top="0in" fo:margin-bottom="0.1965in" loext:contextual-spacing="false" fo:line-height="80%" fo:text-align="center" style:justify-single-word="false"/><style:text-properties officeooo:paragraph-rsid="00133ba4"/></style:style><style:style style:name="P29" style:family="paragraph" style:parent-style-name="Table_20_Contents"><style:paragraph-properties fo:margin-top="0in" fo:margin-bottom="0.1965in" loext:contextual-spacing="false" fo:line-height="150%" fo:text-align="justify" style:justify-single-word="false"/></style:style><style:style style:name="P30" style:family="paragraph" style:parent-style-name="Table_20_Contents"><style:paragraph-properties fo:margin-top="0in" fo:margin-bottom="0.1965in" loext:contextual-spacing="false" fo:text-align="justify" style:justify-single-word="false"/><style:text-properties style:font-name="verdana" fo:font-size="12pt"/></style:style><style:style style:name="P31" style:family="paragraph" style:parent-style-name="Table_20_Contents"><style:paragraph-properties fo:margin-top="0in" fo:margin-bottom="0.1965in" loext:contextual-spacing="false" fo:text-align="start" style:justify-single-word="false"/></style:style><style:style style:name="P32" style:family="paragraph" style:parent-style-name="Preformatted_20_Text"><style:paragraph-properties fo:margin-top="0in" fo:margin-bottom="0.1965in" loext:contextual-spacing="false"/></style:style><style:style style:name="P33" style:family="paragraph" style:parent-style-name="Table_20_Contents"><style:text-properties style:font-name="verdana" fo:font-size="12pt"/></style:style><style:style style:name="T1" style:family="text"><style:text-properties style:font-name="Arial" fo:font-size="12pt"/></style:style><style:style style:name="T2" style:family="text"><style:text-properties fo:font-size="12pt"/></style:style><style:style style:name="T3" style:family="text"><style:text-properties style:font-name="arial" fo:font-size="12pt"/></style:style><style:style style:name="T4" style:family="text"><style:text-properties fo:color="#000000"/></style:style><style:style style:name="T5" style:family="text"><style:text-properties fo:color="#000000" style:font-name="arial" fo:font-size="12pt"/></style:style><style:style style:name="T6" style:family="text"><style:text-properties fo:color="#000000" style:font-name="arial" fo:font-size="12pt" style:font-size-asian="10.5pt"/></style:style><style:style style:name="T7" style:family="text"><style:text-properties fo:color="#000000" style:font-name="arial" fo:font-size="12pt" officeooo:rsid="001176c5"/></style:style><style:style style:name="T8" style:family="text"><style:text-properties fo:color="#000000" style:font-size-asian="10.5pt"/></style:style><style:style style:name="T9" style:family="text"><style:text-properties fo:color="#000000" style:font-name="Arial" style:font-size-asian="10.5pt"/></style:style><style:style style:name="T10" style:family="text"><style:text-properties fo:color="#000000" style:font-name="Arial" fo:font-size="12pt"/></style:style><style:style style:name="T11" style:family="text"><style:text-properties fo:color="#000000" fo:font-size="12pt"/></style:style><style:style style:name="T12" style:family="text"><style:text-properties fo:color="#000000" style:font-name="verdana" fo:font-size="12pt" fo:font-weight="normal" style:font-size-asian="10.5pt" style:font-weight-asian="normal" style:font-weight-complex="normal"/></style:style><style:style style:name="T13" style:family="text"><style:text-properties fo:color="#ff6600"/></style:style><style:style style:name="T14" style:family="text"><style:text-properties fo:color="#ff9900" style:font-name="arial" fo:font-size="12pt"/></style:style><style:style style:name="T15" style:family="text"><style:text-properties fo:color="#c00000"/></style:style><style:style style:name="T16" style:family="text"><style:text-properties fo:color="#c00000" style:font-name="verdana" fo:font-size="14pt"/></style:style><style:style style:name="T17" style:family="text"><style:text-properties fo:color="#c00000" style:font-name="Verdana" fo:font-size="12pt"/></style:style><style:style style:name="T18" style:family="text"><style:text-properties fo:color="#c00000" style:font-name="Verdana" fo:font-size="10pt"/></style:style><style:style style:name="T19" style:family="text"><style:text-properties style:font-name="verdana" fo:font-size="12pt"/></style:style><style:style style:name="T20" style:family="text"><style:text-properties fo:color="#ff0000"/></style:style><style:style style:name="T21" style:family="text"><style:text-properties fo:color="#af0812" style:font-name="Verdana" fo:font-size="12pt"/></style:style><style:style style:name="T22" style:family="text"><style:text-properties fo:color="#800000" style:font-name="verdana" fo:font-size="12pt"/></style:style><style:style style:name="fr1" style:family="graphic" style:parent-style-name="Graphics"><style:graphic-properties fo:margin-left="0in" fo:margin-right="0in" fo:margin-top="0in" fo:margin-bottom="0in" style:vertical-pos="top" style:vertical-rel="baseline" fo:padding="0in" fo:border="none" style:mirror="none" fo:clip="rect(0in, 0in, 0in, 0in)" draw:luminance="0%" draw:contrast="0%" draw:red="0%" draw:green="0%" draw:blue="0%" draw:gamma="100%" draw:color-inversion="false" draw:image-opacity="100%" draw:color-mode="standard"/></style:style><style:style style:name="Sect1" style:family="section"><style:section-properties fo:margin-left="0in" fo:margin-right="0in" style:editable="false"><style:columns fo:column-count="1" fo:column-gap="0in"/></style:section-properties></style:style></office:automatic-styles><office:body><office:text text:use-soft-page-breaks="true"><text:sequence-decls><text:sequence-decl text:display-outline-level="0" text:name="Illustration"/><text:sequence-decl text:display-outline-level="0" text:name="Table"/><text:sequence-decl text:display-outline-level="0" text:name="Text"/><text:sequence-decl text:display-outline-level="0" text:name="Drawing"/></text:sequence-decls><text:p text:style-name="P2"><text:span text:style-name="Emphasis"><text:span text:style-name="T1">Amo i colori, tempi di un anelito inquieto, </text:span></text:span></text:p><text:p text:style-name="P2"><text:span text:style-name="Emphasis"><text:span text:style-name="T1">irrisolvibile, vitale,spiegazione umilissima e sovrana </text:span></text:span></text:p><text:p text:style-name="P2"><text:span text:style-name="Emphasis"><text:span text:style-name="T1">dei cosmici ‘perché’ del mio respiro.</text:span></text:span></text:p><text:p text:style-name="Standard"/><table:table table:name="Table1" table:style-name="Table1"><table:table-column table:style-name="Table1.A"/><table:table-column table:style-name="Table1.B"/><table:table-row><table:table-cell table:style-name="Table1.A1" office:value-type="string"><text:p text:style-name="P11"/></table:table-cell><table:table-cell table:style-name="Table1.A1" office:value-type="string"><text:p text:style-name="Table_20_Contents"><text:span text:style-name="Emphasis"><text:span text:style-name="T1">Io trovo i miei versi intingendo il calamaio nel cielo.</text:span></text:span></text:p></table:table-cell></table:table-row></table:table><text:p text:style-name="Standard"/><table:table table:name="Table2" table:style-name="Table2"><table:table-column table:style-name="Table2.A"/><table:table-column table:style-name="Table2.B"/><table:table-row><table:table-cell table:style-name="Table2.A1" office:value-type="string"><text:p text:style-name="P11"/></table:table-cell><table:table-cell table:style-name="Table2.A1" office:value-type="string"><text:p text:style-name="P10"><text:span text:style-name="Emphasis"><text:span text:style-name="T3">Ogni tibia ama la sua fibula.</text:span></text:span></text:p></table:table-cell></table:table-row></table:table><text:p text:style-name="Standard"/><table:table table:name="Table3" table:style-name="Table3"><table:table-column table:style-name="Table3.A"/><table:table-column table:style-name="Table3.B"/><table:table-row><table:table-cell table:style-name="Table3.A1" office:value-type="string"><text:p text:style-name="P11"/></table:table-cell><table:table-cell table:style-name="Table3.A1" office:value-type="string"><text:p text:style-name="P10"><text:span text:style-name="Emphasis"><text:span text:style-name="T3">Il sogno canta su una corda sola.</text:span></text:span></text:p></table:table-cell></table:table-row></table:table><text:p text:style-name="Standard"/><text:p text:style-name="Standard"><text:span text:style-name="Emphasis"><text:span text:style-name="T3">Se avete molto caldo, prendete un ramoscello di follia e piantatevelo negli occhi.</text:span></text:span></text:p><text:p text:style-name="Standard"><text:span text:style-name="Emphasis"><text:span text:style-name="T3"/></text:span></text:p><text:p text:style-name="Standard"><text:span text:style-name="Emphasis"><text:span text:style-name="T1">L’uomo non può avere esempi umani per essere sé stesso.</text:span></text:span></text:p><text:p text:style-name="Standard"><text:span text:style-name="Emphasis"><text:span text:style-name="T3"/></text:span></text:p><table:table table:name="Table4" table:style-name="Table4"><table:table-column table:style-name="Table4.A"/><table:table-column table:style-name="Table4.B"/><table:table-row><table:table-cell table:style-name="Table4.A1" office:value-type="string"><text:p text:style-name="P11"/></table:table-cell><table:table-cell table:style-name="Table4.B1" office:value-type="string"><text:p text:style-name="P16"><text:span text:style-name="Emphasis"><text:span text:style-name="T1">Mi sveglio sempre in forma e mi deformo attraverso gli altri.</text:span></text:span></text:p></table:table-cell></table:table-row></table:table><text:p text:style-name="Standard"><text:span text:style-name="Emphasis"><text:span text:style-name="T1">Amore mio ho sognato di te come si sogna della rosa e del vento.</text:span></text:span></text:p><text:p text:style-name="Standard"><text:span text:style-name="Emphasis"><text:span text:style-name="T3"/></text:span></text:p><text:p text:style-name="Standard"><text:span text:style-name="Emphasis"><text:span text:style-name="T1">Il peccato mi fa riposare.</text:span></text:span></text:p><text:p text:style-name="Standard"><text:span text:style-name="Emphasis"><text:span text:style-name="T3"/></text:span></text:p><text:p text:style-name="Standard"><text:span text:style-name="Emphasis"><text:span text:style-name="T1">Non cercate di prendere i poeti perché vi scapperanno tra le dita.</text:span></text:span></text:p><text:p text:style-name="Standard"><text:span text:style-name="Emphasis"><text:span text:style-name="T3"/></text:span></text:p><table:table table:name="Table5" table:style-name="Table5"><table:table-column table:style-name="Table5.A"/><table:table-column table:style-name="Table5.B"/><table:table-row><table:table-cell table:style-name="Table5.A1" office:value-type="string"><text:p text:style-name="P11"/></table:table-cell><table:table-cell table:style-name="Table5.A1" office:value-type="string"><text:p text:style-name="Table_20_Contents"><text:span text:style-name="Emphasis"><text:span text:style-name="T1">Il poeta non rigetta mai le proprie ombre.</text:span></text:span></text:p></table:table-cell></table:table-row></table:table><text:p text:style-name="Standard"><text:span text:style-name="Emphasis"><text:span text:style-name="T3"/></text:span></text:p><table:table table:name="Table6" table:style-name="Table6"><table:table-column table:style-name="Table6.A"/><table:table-column table:style-name="Table6.B"/><table:table-row><table:table-cell table:style-name="Table6.A1" office:value-type="string"><text:p text:style-name="P11"/></table:table-cell><table:table-cell table:style-name="Table6.A1" office:value-type="string"><text:p text:style-name="Table_20_Contents"><text:span text:style-name="Emphasis"><text:span text:style-name="T1">Ci sono notti che non accadono mai.</text:span></text:span></text:p></table:table-cell></table:table-row></table:table><text:p text:style-name="Standard"><text:span text:style-name="Emphasis"><text:span text:style-name="T3"/></text:span></text:p><text:p text:style-name="P1"><text:span text:style-name="Emphasis"><text:span text:style-name="T3">La verità e sempre quella, </text:span></text:span></text:p><text:p text:style-name="P1"><text:span text:style-name="Emphasis"><text:span text:style-name="T3">la cattiveria degli uomini </text:span></text:span></text:p><text:p text:style-name="P1"><text:span text:style-name="Emphasis"><text:span text:style-name="T3">che ti abbassa e ti costruisce </text:span></text:span></text:p><text:p text:style-name="P1"><text:span text:style-name="Emphasis"><text:span text:style-name="T3">un santuario di odio </text:span></text:span></text:p><text:p text:style-name="P1"><text:span text:style-name="Emphasis"><text:span text:style-name="T3">dietro la porta socchiusa. </text:span></text:span></text:p><text:p text:style-name="P1"><text:span text:style-name="Emphasis"><text:span text:style-name="T3">Ma l’amore della povera gente </text:span></text:span></text:p><text:p text:style-name="P1"><text:span text:style-name="Emphasis"><text:span text:style-name="T3">brilla più di una qualsiasi filosofia.</text:span></text:span></text:p><text:p text:style-name="Standard"><text:span text:style-name="Emphasis"><text:span text:style-name="T3"/></text:span></text:p><text:p text:style-name="Standard"><text:span text:style-name="Emphasis"><text:span text:style-name="T1">L&apos;inferno è la mia passione</text:span></text:span></text:p><text:p text:style-name="Standard"><text:span text:style-name="Emphasis"><text:span text:style-name="T3"/></text:span></text:p><text:p text:style-name="Standard"><text:span text:style-name="Emphasis"><text:span text:style-name="T5">Il vero amore non ha peli.</text:span></text:span></text:p><text:p text:style-name="Standard"><text:span text:style-name="Emphasis"><text:span text:style-name="T5"/></text:span></text:p><text:p text:style-name="Standard"><text:span text:style-name="Emphasis"><text:span text:style-name="T5">Ascolta il passo breve delle cose. </text:span></text:span></text:p><text:p text:style-name="Standard"><text:span text:style-name="Emphasis"><text:span text:style-name="T6">Assai più breve delle tue finestre  -</text:span></text:span></text:p><text:p text:style-name="Standard"><text:span text:style-name="Emphasis"><text:span text:style-name="T6">quel respiro che esce dal tuo sguardo </text:span></text:span></text:p><text:p text:style-name="Standard"><text:span text:style-name="Emphasis"><text:span text:style-name="T6">chiama un nome immediato: </text:span></text:span></text:p><text:p text:style-name="P5"><text:span text:style-name="Emphasis"><text:span text:style-name="T8">la tua donna.</text:span></text:span></text:p><text:p text:style-name="P5"><text:span text:style-name="Emphasis"><text:span text:style-name="T9">Gesù è il più grande favolista di tutti i tempi</text:span></text:span></text:p><text:p text:style-name="Standard"><text:span text:style-name="Emphasis"><text:span text:style-name="T5"/></text:span></text:p><table:table table:name="Table7" table:style-name="Table7"><table:table-column table:style-name="Table7.A" table:number-columns-repeated="2"/><table:table-column table:style-name="Table7.C"/><table:table-row><table:table-cell table:style-name="Table7.A1" office:value-type="string"><text:p text:style-name="Table_20_Contents"><text:span text:style-name="Emphasis"><text:span text:style-name="T5">Ogni alba ha i suoi dubbi</text:span></text:span></text:p></table:table-cell><table:table-cell table:style-name="Table7.A1" office:value-type="string"><text:p text:style-name="P13"><text:span text:style-name="Emphasis"><text:span text:style-name="T10">Dante fu un genio miserabile</text:span></text:span></text:p></table:table-cell><table:table-cell table:style-name="Table7.A1" office:value-type="string"><text:p text:style-name="Table_20_Contents"><text:span text:style-name="Emphasis"><text:span text:style-name="T10">Dio ci regala il sonno per vincerci il giorno dopo</text:span></text:span></text:p></table:table-cell></table:table-row><text:soft-page-break/><table:table-row><table:table-cell table:style-name="Table7.A2" office:value-type="string"><text:p text:style-name="P16"><text:span text:style-name="Emphasis"><text:span text:style-name="T5">L’aforisma è il sogno di una vendetta sottile</text:span></text:span></text:p><text:p text:style-name="P16"><text:span text:style-name="Emphasis"><text:span text:style-name="T4">Ci sono adolescenze che si innescano a novanta anni</text:span></text:span></text:p></table:table-cell><table:table-cell table:style-name="Table7.A1" office:value-type="string"><text:p text:style-name="P12"><text:span text:style-name="Emphasis"><text:span text:style-name="T10">La fama si conquista con la solitudine</text:span></text:span><text:span text:style-name="Emphasis"><text:span text:style-name="T13"> </text:span></text:span></text:p></table:table-cell><table:table-cell table:style-name="Table7.A1" office:value-type="string"><text:p text:style-name="P19"><text:span text:style-name="Emphasis"><text:span text:style-name="T5">Il poeta non dorme mai in compenso muore spesso</text:span></text:span></text:p></table:table-cell></table:table-row></table:table><text:p text:style-name="Standard"><text:span text:style-name="Emphasis"><text:span text:style-name="T5"/></text:span></text:p><table:table table:name="Table8" table:style-name="Table8"><table:table-column table:style-name="Table8.A"/><table:table-column table:style-name="Table8.B"/><table:table-column table:style-name="Table8.C"/><table:table-row><table:table-cell table:style-name="Table8.A1" office:value-type="string"><text:p text:style-name="P17"><text:span text:style-name="Emphasis"><text:span text:style-name="T5">L’aforisma è genio e vendetta e anche una sottile resa alla realtà biblica.</text:span></text:span></text:p></table:table-cell><table:table-cell table:style-name="Table8.A1" office:value-type="string"><text:p text:style-name="P19"><text:span text:style-name="Emphasis"><text:span text:style-name="T10">La corda più silenziosa è quella dei versi</text:span></text:span></text:p></table:table-cell><table:table-cell table:style-name="Table8.C1" office:value-type="string"><text:p text:style-name="P20"><text:span text:style-name="Emphasis"><text:span text:style-name="T10">La casa della poesia non avrà mai porte.</text:span></text:span></text:p></table:table-cell></table:table-row><table:table-row><table:table-cell table:style-name="Table8.A1" office:value-type="string"><text:p text:style-name="P19"><text:span text:style-name="Emphasis"><text:span text:style-name="T10">Un povero ti dà tutto e non ti rinfaccia mai la tua vigliaccheria</text:span></text:span></text:p></table:table-cell><table:table-cell table:style-name="Table8.A1" office:value-type="string"><text:p text:style-name="P16"><text:span text:style-name="Emphasis"><text:span text:style-name="T10">Ogni poeta vende i suoi guai migliori</text:span></text:span></text:p></table:table-cell><table:table-cell table:style-name="Table8.A1" office:value-type="string"><text:p text:style-name="P19"><text:span text:style-name="Emphasis"><text:span text:style-name="T10">Anche la follia merita i suoi applausi</text:span></text:span></text:p></table:table-cell></table:table-row></table:table><text:p text:style-name="Standard"/><table:table table:name="Table9" table:style-name="Table9"><table:table-column table:style-name="Table9.A"/><table:table-column table:style-name="Table9.B"/><table:table-column table:style-name="Table9.C"/><table:table-row><table:table-cell table:style-name="Table9.A1" office:value-type="string"><text:p text:style-name="P21"><text:span text:style-name="Emphasis"><text:span text:style-name="T5">Amare un giovane è come sfidare Dio</text:span></text:span> </text:p><text:p text:style-name="P21"><text:span text:style-name="Emphasis"><text:span text:style-name="T14">La follia è saltare sul tappeto della ragione</text:span></text:span></text:p><text:p text:style-name="P21"><text:span text:style-name="Emphasis"><text:span text:style-name="T5">La bellezza non è che il disvelamento di una tenebra caduta e della luce che ne è venuta fuori</text:span></text:span></text:p></table:table-cell><table:table-cell table:style-name="Table9.A1" office:value-type="string"><text:p text:style-name="P26"><text:span text:style-name="Emphasis"><text:span text:style-name="T11">Q</text:span></text:span><text:span text:style-name="Emphasis"><text:span text:style-name="T5">uando ero in manicomio, </text:span></text:span></text:p><text:p text:style-name="P26"><text:span text:style-name="Emphasis"><text:span text:style-name="T5">e vedevo l’erba dalla parte delle radici, </text:span></text:span></text:p><text:p text:style-name="P26"><text:span text:style-name="Emphasis"><text:span text:style-name="T5">ero convinta (e ancora lo sono) </text:span></text:span></text:p><text:p text:style-name="P26"><text:span text:style-name="Emphasis"><text:span text:style-name="T5">che il grande arazzo della volontà divina</text:span></text:span></text:p><text:p text:style-name="P26"><text:span text:style-name="Emphasis"><text:span text:style-name="T5">lo vedano gli angeli, mentre noi, </text:span></text:span></text:p><text:p text:style-name="P26"><text:span text:style-name="Emphasis"><text:span text:style-name="T5">incamminati verso l’indolenza </text:span></text:span></text:p><text:p text:style-name="P26"><text:span text:style-name="Emphasis"><text:span text:style-name="T5">o il sacrificio estremo, </text:span></text:span></text:p><text:p text:style-name="P26"><text:span text:style-name="Emphasis"><text:span text:style-name="T5">non comprendiamo nulla.</text:span></text:span></text:p></table:table-cell><table:table-cell table:style-name="Table9.A1" office:value-type="string"><text:p text:style-name="P10"><text:span text:style-name="Emphasis"><text:span text:style-name="T3">Io amo perché il mio corpo è sempre in evoluzione.</text:span></text:span></text:p><text:p text:style-name="P19"><text:span text:style-name="Emphasis"><text:span text:style-name="T10"/></text:span></text:p><text:p text:style-name="P19"><text:span text:style-name="Emphasis"><text:span text:style-name="T10">S</text:span></text:span><text:span text:style-name="Emphasis"><text:span text:style-name="T5">e Dio mi assolve, lo fa sempre per insufficienza di prove</text:span></text:span></text:p><text:p text:style-name="P19"><text:span text:style-name="Emphasis"><text:span text:style-name="T7">E’ una vita che cerco riparo dalla Santità</text:span></text:span></text:p></table:table-cell></table:table-row></table:table><text:p text:style-name="Standard"/><table:table table:name="Table10" table:style-name="Table10"><table:table-column table:style-name="Table10.A"/><table:table-column table:style-name="Table10.B"/><table:table-column table:style-name="Table10.C"/><table:table-row table:style-name="Table10.1"><table:table-cell table:style-name="Table10.A1" office:value-type="string"><text:p text:style-name="P19"><text:span text:style-name="Emphasis"><text:span text:style-name="T3">Ringrazio sempre chi mi dà ragione</text:span></text:span></text:p><text:p text:style-name="P19"><text:span text:style-name="Emphasis"><text:span text:style-name="T3"/></text:span></text:p><text:p text:style-name="P22"><text:span text:style-name="Emphasis">L’unica radice che ho mi fa male</text:span></text:p><text:p text:style-name="P22"><text:span text:style-name="Emphasis"/></text:p><text:p text:style-name="P23"><text:span text:style-name="Emphasis">Il vero poeta non deve avere parenti.</text:span></text:p></table:table-cell><table:table-cell table:style-name="Table10.B1" office:value-type="string"><text:p text:style-name="P18"><text:span text:style-name="Emphasis"><text:span text:style-name="T4">Spiegami come il lume della notte, </text:span></text:span></text:p><text:p text:style-name="P18"><text:span text:style-name="Emphasis"><text:span text:style-name="T4">come il delirio della fantasia. </text:span></text:span></text:p><text:p text:style-name="P18"><text:span text:style-name="Emphasis"><text:span text:style-name="T4">Spiegami come la donna e come il mimo, </text:span></text:span></text:p><text:p text:style-name="P27"><text:span text:style-name="Emphasis"><text:span text:style-name="T5">come pagliaccio che non ha nessuno. </text:span></text:span></text:p><text:p text:style-name="P18"><text:span text:style-name="Emphasis"><text:span text:style-name="T4">Spiegami perché ho rotta la sottana: </text:span></text:span></text:p><text:p text:style-name="P18"><text:span text:style-name="Emphasis"><text:span text:style-name="T4">uno strappo che è largo come il cuore.</text:span></text:span></text:p></table:table-cell><table:table-cell table:style-name="Table10.B1" office:value-type="string"><text:p text:style-name="P28"><text:span text:style-name="Emphasis"><text:span text:style-name="T10">Ogni uomo della mia vita </text:span></text:span></text:p><text:p text:style-name="P28"><text:span text:style-name="Emphasis"><text:span text:style-name="T10">era il verso di una poesia perduto, </text:span></text:span></text:p><text:p text:style-name="P28"><text:span text:style-name="Emphasis"><text:span text:style-name="T10">straziato, raccolto, abbracciato. </text:span></text:span></text:p><text:p text:style-name="P28"><text:span text:style-name="Emphasis"><text:span text:style-name="T10">Ogni amore della vita mia è cielo </text:span></text:span></text:p><text:p text:style-name="P28"><text:span text:style-name="Emphasis"><text:span text:style-name="T10">e voragine e terra </text:span></text:span></text:p><text:p text:style-name="P28"><text:span text:style-name="Emphasis"><text:span text:style-name="T10">che Maggio per vivere ancora</text:span></text:span></text:p></table:table-cell></table:table-row></table:table><text:p text:style-name="Standard"/><text:p text:style-name="P6"><text:soft-page-break/><text:span text:style-name="Strong_20_Emphasis"><text:span text:style-name="T16">Biografia di Alda Merini - prima parte</text:span></text:span></text:p><text:p text:style-name="Text_20_body"> </text:p><table:table table:name="Table11" table:style-name="Table11"><table:table-column table:style-name="Table11.A"/><table:table-column table:style-name="Table11.B"/><table:table-row><table:table-cell table:style-name="Table11.A1" office:value-type="string"><text:p text:style-name="Sender"><text:span text:style-name="Emphasis"><text:span text:style-name="T20"><draw:frame draw:style-name="fr1" draw:name="Image1" text:anchor-type="as-char" svg:width="2.1874in" svg:height="3.0311in" draw:z-index="0"><draw:image xlink:href="Pictures/100000000000019600000233D50B6795B57DA34B.jpg" xlink:type="simple" xlink:show="embed" xlink:actuate="onLoad" loext:mime-type="image/jpeg"/></draw:frame></text:span></text:span></text:p></table:table-cell><table:table-cell table:style-name="Table11.A1" office:value-type="string"><text:p text:style-name="Preformatted_20_Text"><text:span text:style-name="Emphasis"><text:span text:style-name="T21">Sono nata il ventuno a primavera</text:span></text:span></text:p><text:p text:style-name="Preformatted_20_Text"><text:span text:style-name="Emphasis"><text:span text:style-name="T21">ma non sapevo che nascere folle,</text:span></text:span></text:p><text:p text:style-name="Preformatted_20_Text"><text:span text:style-name="Emphasis"><text:span text:style-name="T21">aprire le zolle</text:span></text:span></text:p><text:p text:style-name="Preformatted_20_Text"><text:span text:style-name="Emphasis"><text:span text:style-name="T21">potesse scatenar tempesta.</text:span></text:span></text:p><text:p text:style-name="Preformatted_20_Text"><text:span text:style-name="Emphasis"><text:span text:style-name="T21">Così Proserpina lieve </text:span></text:span></text:p><text:p text:style-name="Preformatted_20_Text"><text:span text:style-name="Emphasis"><text:span text:style-name="T21">vede piovere sulle erbe</text:span></text:span></text:p><text:p text:style-name="Preformatted_20_Text"><text:span text:style-name="Emphasis"><text:span text:style-name="T21">sui grossi frumenti gentili</text:span></text:span></text:p><text:p text:style-name="Preformatted_20_Text"><text:span text:style-name="Emphasis"><text:span text:style-name="T21">e piange sempre la </text:span></text:span><text:span text:style-name="Emphasis"><text:span text:style-name="T17">sera.</text:span></text:span></text:p><text:p text:style-name="P32"><text:span text:style-name="Emphasis"><text:span text:style-name="T17">Forse è la sua preghiera</text:span></text:span><text:span text:style-name="Emphasis"><text:span text:style-name="T18">.</text:span></text:span></text:p></table:table-cell></table:table-row></table:table><text:p text:style-name="Text_20_body"> </text:p><table:table table:name="Table12" table:style-name="Table12"><table:table-column table:style-name="Table12.A"/><table:table-row><table:table-cell table:style-name="Table12.A1" office:value-type="string"><text:p text:style-name="P7"><text:span text:style-name="T19">Ci presentiamo … siamo </text:span><text:span text:style-name="Strong_20_Emphasis"><text:span text:style-name="T19">Emanuela, Barbara, Flavia e Simona,</text:span></text:span><text:span text:style-name="T19"> le quattro </text:span><text:span text:style-name="Strong_20_Emphasis"><text:span text:style-name="T19">figlie </text:span></text:span><text:span text:style-name="T19">della poetessa recentemente scomparsa Alda Merini. Vogliamo raccontavi la sua storia, non la storia della famosa poetessa che tutti voi già conoscerete ma la storia di una madre, una madre un po’ particolare… </text:span></text:p><text:p text:style-name="P7"><text:span text:style-name="T19">Prima di iniziare a parlarvi di questa meravigliosa donna per come noi la ricordiamo, vogliamo raccontarvi il periodo che noi non conosciamo, quello prima del nostro arrivo, attraverso le sue parole tratte da un testo autobiografico in cui si racconta alla </text:span><text:a xlink:type="simple" xlink:href="http://servizi.tuttolagomaggiore.com/schede/azienda/comunicazione/giornalisti" office:target-frame-name="_blank" xlink:show="new" text:style-name="Internet_20_link" text:visited-style-name="Visited_20_Internet_20_Link"><text:span text:style-name="T19">giornalista</text:span></text:a><text:span text:style-name="T19"> Cristiana Ceci nell’autunno del 2004.</text:span></text:p><text:p text:style-name="P7"><text:span text:style-name="Emphasis">“</text:span><text:span text:style-name="Emphasis"><text:span text:style-name="Strong_20_Emphasis"><text:span text:style-name="T19">Sono nata a Milano il 21 marzo 1931</text:span></text:span></text:span><text:span text:style-name="Emphasis"><text:span text:style-name="T19">, a casa mia, in via Mangone, a Porta Genova: era una zona nuova ai tempi, di mezze persone, alcune un po’ eleganti altre no. Poi la mia casa è stata distrutta dalle bombe. Noi eravamo sotto, nel rifugio, durante un coprifuoco; siamo tornati su e non c’era più niente, solo macerie. Ho aiutato mia madre a partorire mio fratello: avevo 12 anni. Un bel tradimento da parte dell’Inghilterra, perché noi eravamo tutti a tavola, chi faceva i compiti, chi mangiava, arrivano questi bombardieri, con il fiato pesante, e tutt’a un tratto, boom, la gente è impazzita. Abbiamo perso tutto. Siamo scappati sul primo carro bestiame che abbiamo trovato. Tutti ammassati. Siamo approdati a Vercelli. Ci siamo buttati nelle risaie perché le bombe non scoppiano nell’acqua, ce ne siamo stati a mollo finché non sono finiti i bombardamenti. Siamo rimasti lì soli, io, la mia mamma e il piccolino appena nato. Mio padre e mia sorella erano rimasti in giro a Milano a cercare gli altri: eravamo tutti impazziti. Ho fatto l’ostetrica per forza portando alla luce mio fratello, ce l’ho fatta: oggi ha sessant’anni e sta benissimo. La mamma invece ha avuto un’emorragia, hanno dovuto infagottarla </text:span></text:span><text:soft-page-break/><text:span text:style-name="Emphasis"><text:span text:style-name="T19">insieme al piccolo e portarseli dietro così, con lei che urlava come una matta.<text:line-break/>A Vercelli ci ha ospitato una zia che aveva un altro zio contadino, ci ha accampati come meglio poteva in un cascinale. Sembrava la Madonna mia madre, faceva un freddo boia, era una specie di stalla, ci siamo rimasti tre anni. Non andavo a </text:span></text:span><text:a xlink:type="simple" xlink:href="http://servizi.tuttolagomaggiore.com/schede/azienda/scuole_lezioni" office:target-frame-name="_blank" xlink:show="new" text:style-name="Internet_20_link" text:visited-style-name="Visited_20_Internet_20_Link"><text:span text:style-name="Emphasis"><text:span text:style-name="T19">scuola</text:span></text:span></text:a><text:span text:style-name="Emphasis"><text:span text:style-name="T19">, come facevo ad andarci? Andavo invece a mondare il riso, a cercare le uova per quel bambino piccolino: badavamo a lui, era tutto fermo, c’era la guerra. Stavo in casa e aiutavo la mamma, andavo all’oratorio, ero una brava ragazza io. Io sono molto cattolica, la mia parrocchia a Milano era San Vincenzo in Prato. </text:span></text:span><text:span text:style-name="Emphasis"><text:span text:style-name="Strong_20_Emphasis"><text:span text:style-name="T19">Mi sento cattolica e profondamente moralista</text:span></text:span></text:span><text:span text:style-name="Emphasis"><text:span text:style-name="T19">, nel senso che sono una persona seria allevata da genitori serissimi, pesanti e pedanti in fatto di morale. Non lo so se credo in Dio, credo in qualcosa che… credo in un Dio crudele che mi ha creato, non è essere cattolici questo? Perché, Dio non è così? Tutti abbiamo un Dio, un idoletto, ma proprio il Dio specifico che ha creato montagne, fiumi e foreste lo si immagina solo… con la barba, vecchio, un po’ cattivo, un Dio crudele che ha creato persone deformi, senza fortuna. Credo nella crudeltà di Dio. Non penso siano idee blasfeme, la Chiesa non mi ha mai condannata. Anzi, il mio “Magnificat” è stato esaltato, perché ho presentato una Madonna semplice, come è davvero lei davanti a questo stupore dell’Annunciazione, che non accetta fino in fondo perché lei ha San Giuseppe.<text:line-break/>Io pregavo da bambina, ero sempre in chiesa, sentivo sette, otto, dieci messe al giorno, mi piaceva, però non ci vado più dai tempi del manicomio. Ho trovato una tale falsità nella Chiesa allora, in manicomio vedevo le ragazze che venivano stuprate e dicevano di loro che erano matte. Stuprate anche dai preti, allora mi sono incazzata davvero. L’ho visto accadere ad altri, non è una mia esperienza. La Chiesa è dura con le donne, da sempre. Però oggi come sono magre e secchette le donne, prima erano belle adipose. Sono tornata a Milano quando è finita la guerra, siamo tornati a piedi da Vercelli, solo con un fagotto, poveri in canna, e ci siamo accampati in un locale praticamente rubato, o trovato vuoto, di uno straccivendolo. E ci stavamo in cinque. Abbiamo ripescato anche mia sorella che era partita con i fascisti, con i tedeschi, aveva imparato, si metteva in strada, tirava su le gonne, i tedeschi andavano in visibilio e le regalavano il pane, si sfamava così, si alzava solo la gonna, era bellissima.<text:line-break/>In questo stanzone stavamo tutti e cinque, accampati, con delle reti, allora sono andata con il primo che mi è capitato perché non ce la facevo più. Avevo 18 anni, dove dormivo scusate? Così poi l’ho sposato, nel 1953. Era un operaio, è morto nel 1983, un lavoratore. Si chiamava </text:span></text:span><text:span text:style-name="Emphasis"><text:span text:style-name="Strong_20_Emphasis"><text:span text:style-name="T19">Ettore Carniti</text:span></text:span></text:span><text:span text:style-name="Emphasis"><text:span text:style-name="T19">, io sono zia del sindacalista Pierre Carniti e anche mio marito era sindacalista. Un bell’uomo. Ho avuto quattro figlie da lui. Andavamo a mangiare la minestra da mia madre perché lui non aveva ancora un lavoro. Poi abbiamo preso una panetteria in via Lipari, non è che proprio facevamo il pane, era solo una rivenditoria. Mi chiamavano la fornaretta. Ho avuto la mia prima bambina nel 1955, Emanuela, poi nel 1958 è nata anche Flavia. </text:span></text:span><text:soft-page-break/><text:span text:style-name="Emphasis"><text:span text:style-name="T19">Avevo 36 anni quando è nata la mia ultima figlia, Simona, e prima ancora era arrivata Barbara.”</text:span></text:span></text:p></table:table-cell></table:table-row></table:table><text:p text:style-name="P6"><text:span text:style-name="Strong_20_Emphasis"><text:span text:style-name="T16">Biografia di Alda Merini - seconda parte</text:span></text:span></text:p><table:table table:name="Table13" table:style-name="Table13"><table:table-column table:style-name="Table13.A"/><table:table-row><table:table-cell table:style-name="Table13.A1" office:value-type="string"><text:p text:style-name="P24"><text:span text:style-name="T19">Ed eccoci qua a raccontarvi la storia di nostra madre, una madre privata delle figlie perché ritenuta </text:span><text:a xlink:type="simple" xlink:href="http://www.psicologia-torino.it/" office:target-frame-name="_blank" xlink:show="new" text:style-name="Internet_20_link" text:visited-style-name="Visited_20_Internet_20_Link"><text:span text:style-name="T19">psicolabile</text:span></text:a><text:span text:style-name="T19">. </text:span></text:p><text:p text:style-name="P24"><text:span text:style-name="T2"><text:line-break/></text:span><text:span text:style-name="Emphasis"><text:span text:style-name="T2">Alda: “La maternità è una sofferenza, una gioia molto sofferta. Da un amante ci si può staccare, ma da un figlio non riesci”.</text:span></text:span></text:p><table:table table:name="Table14" table:style-name="Table14"><table:table-column table:style-name="Table14.A"/><table:table-column table:style-name="Table14.B"/><table:table-row><table:table-cell table:style-name="Table14.A1" office:value-type="string"><text:p text:style-name="Table_20_Contents"><text:s/></text:p></table:table-cell><table:table-cell table:style-name="Table14.A1" office:value-type="string"><text:p text:style-name="P16"><text:span text:style-name="Emphasis"><text:span text:style-name="Strong_20_Emphasis"><text:span text:style-name="T22">GENESI</text:span></text:span></text:span><text:span text:style-name="T22"> </text:span></text:p><text:p text:style-name="P16"><text:span text:style-name="Emphasis"><text:span text:style-name="T22">Vorrei un figlio da te che sia una spada<text:line-break/>lucente, come un grido di alta grazia,<text:line-break/>che sia pietra, che sia novello Adamo,<text:line-break/>lievito del mio sangue e che risolva<text:line-break/>più quietamente questa nostra sete.<text:line-break/>Ah, se t&apos;amo, lo grido ad ogni vento<text:line-break/>gemmando fiori da ogni stanco ramo<text:line-break/>e fiorita son tutta e d&apos;ogni velo<text:line-break/>vo scerpando il mio lutto<text:line-break/>perché genesi sei della mia carne.<text:line-break/>Ma il mio cuore, trafitto dall&apos;amore<text:line-break/>ha desiderio di mondarsi vivo.<text:line-break/>E perciò dammi un figlio delicato,<text:line-break/>un bellissimo, vergine viticcio<text:line-break/>da allacciare al mio tronco, e tu, possente<text:line-break/>olmo, tu padre ricco d&apos;ogni forza pura<text:line-break/>mieterai liete ombre alle mie luci.</text:span></text:span></text:p><text:p text:style-name="P16"><text:span text:style-name="Emphasis"><text:span text:style-name="T22"/></text:span></text:p></table:table-cell></table:table-row></table:table><text:p text:style-name="P24"><text:span text:style-name="T19">Una donna che ha amato profondamente nostro padre, Ettore Carniti, un uomo geloso, un gran lavoratore, ma un uomo poco incline a capire e a condividere la passione per la poesia di nostra madre. Ettore era un uomo semplice, concreto, indifferente agli interessi culturali di nostra madre. Era una scrittrice lei, già dall’età di 15 anni scriveva le sue </text:span><text:a xlink:type="simple" xlink:href="http://www.aldamerini.it/Poesie/Poesie-di-Alda-Merini/" text:style-name="Internet_20_link" text:visited-style-name="Visited_20_Internet_20_Link"><text:span text:style-name="Strong_20_Emphasis"><text:span text:style-name="T19">poesie</text:span></text:span></text:a><text:span text:style-name="T19">, e anche se vivevamo in una condizione di povertà e pativamo spesso la fame, nostra madre perseguiva i suoi sogni.</text:span></text:p><table:table table:name="Table15" table:style-name="Table15"><table:table-column table:style-name="Table15.A"/><table:table-column table:style-name="Table15.B"/><table:table-row><table:table-cell table:style-name="Table15.A1" office:value-type="string"><text:p text:style-name="P29"><text:span text:style-name="Strong_20_Emphasis"><text:span text:style-name="T15"/></text:span></text:p></table:table-cell><table:table-cell table:style-name="Table15.A1" office:value-type="string"><text:p text:style-name="P31"><text:span text:style-name="Emphasis"><text:span text:style-name="T22">Se la mia poesia mi abbandonasse<text:line-break/>come polvere o vento,<text:line-break/>se io non potessi più cantare,<text:line-break/>come polvere o vento,<text:line-break/>io cadrei a terra sconfitta<text:line-break/>trafitta forse come la farfalla<text:line-break/>e in cerca della polvere d’oro<text:line-break/>morirei sopra una lampadina accesa,<text:line-break/>se la mia poesia non fosse come una gruccia<text:line-break/></text:span></text:span><text:soft-page-break/><text:span text:style-name="Emphasis"><text:span text:style-name="T22">che tiene su uno scheletro tremante,<text:line-break/>cadrei a terra come un cadavere<text:line-break/>che l’amore ha sconfitto.</text:span></text:span></text:p></table:table-cell></table:table-row></table:table></table:table-cell></table:table-row></table:table><text:p text:style-name="Standard"/><text:p text:style-name="P6"><text:span text:style-name="Strong_20_Emphasis"><text:span text:style-name="T16">Biografia di Alda Merini - terza parte</text:span></text:span></text:p><table:table table:name="Table16" table:style-name="Table16"><table:table-column table:style-name="Table16.A"/><table:table-row><table:table-cell table:style-name="Table16.A1" office:value-type="string"><text:p text:style-name="P14"><text:span text:style-name="T19">Io, Flavia, e la mia sorella maggiore, Emanuela, abbiamo vissuto con i nostri genitori fino all’età di sette anni, quando, dopo una lite, veniamo mandate tutte e due in un Istituto, e dopo un breve periodo,  io Flavia, mandata definitivamente a vivere presso uno “zio” a Torino, mentre mia sorella Emanuela tornerà a vivere con i nostri genitori e ci resterà fino all’età di 15 anni, periodo in cui si sposerà.  Questo è anche il periodo dove iniziano gli internamenti di nostra madre. Solo successivamente veniamo a scoprire le cause del nostro affido ad altre famiglie: una notte nostro padre era rientrato a casa dopo essere andato in giro con gli amici e aver speso tutti i soldi, quella notte nostra madre gli scaraventò contro una sedia facendolo finire all’ospedale. Soffriva molto lei, non di gelosia, soffriva perché veniva picchiata quando lui era ubriaco, ma lei lo amava e si crogiolava nell’illusione che lui cambiasse. Questa grande sofferenza non l’abbandonerà più e sarà la stessa sofferenza che segnerà e condizionerà anche il futuro di noi figlie…</text:span> </text:p><table:table table:name="Table17" table:style-name="Table17"><table:table-column table:style-name="Table17.A"/><table:table-column table:style-name="Table17.B"/><table:table-row><table:table-cell table:style-name="Table17.A1" office:value-type="string"><text:p text:style-name="Table_20_Contents"><text:s/></text:p></table:table-cell><table:table-cell table:style-name="Table17.A1" office:value-type="string"><text:p text:style-name="Table_20_Contents"><text:span text:style-name="Emphasis"><text:span text:style-name="T22">Fragile, opulenta donna, matrice del paradiso<text:line-break/>sei un granello di colpa<text:line-break/>anche agli occhi di Dio<text:line-break/>malgrado le tue sante guerre<text:line-break/>per l&apos;emancipazione.<text:line-break/>Spaccarono la tua bellezza<text:line-break/>e rimane uno scheletro d&apos;amore<text:line-break/>che però grida ancora vendetta<text:line-break/>e soltanto tu riesci<text:line-break/>ancora a piangere,<text:line-break/>poi ti volgi e vedi ancora i tuoi figli,<text:line-break/>poi ti volti e non sai ancora dire<text:line-break/>e taci meravigliata<text:line-break/>e allora diventi grande come la terra<text:line-break/>e innalzi il tuo canto d&apos;amore.</text:span></text:span></text:p></table:table-cell></table:table-row></table:table><text:p text:style-name="P30">Dopo questo episodio ha inizio un triste periodo di silenzio e separazione dovuto all’internamento manicomiale di nostra madre presso l’Ospedale Psichiatrico Paolo Pini di Milano. Nostra madre smette di scrivere...  un buco nero per lei e per noi.</text:p><text:p text:style-name="P24"><text:span text:style-name="Emphasis"><text:span text:style-name="T19">Alda: “Per me è stato un miracolo di Dio essere uscita viva da lì. Ho visto morire tanti ragazzi. Mi ha salvata mio marito che veniva a trovarmi, perché chi non aveva nessuno scompariva all’improvviso nel nulla”.</text:span></text:span></text:p></table:table-cell></table:table-row></table:table><text:p text:style-name="P6"><text:span text:style-name="Strong_20_Emphasis"><text:span text:style-name="T16">Biografia di Alda Merini - quarta parte</text:span></text:span></text:p><text:p text:style-name="P25"><text:span text:style-name="T19">Negli  intervalli concessi per i rientri in famiglia, intervalli sempre più brevi a causa delle profonde depressioni che le provoca l’ambiente domestico, vengono concepite Barbara nel 1968 e Simona nel 1972. Anche per loro il </text:span><text:soft-page-break/><text:span text:style-name="T19">destino vuole l’allontanamento dalla famiglia. Sempre nel 1972 nostra madre esce dal manicomio; si alternano periodi di salute e di malattia con sporadici periodi di internamento,  fino al 1979, quando fa definitivo ritorno a casa e ricomincia a scrivere raccontando la sua esperienza, gli orrori e le torture dell’internamento nell’ospedale psichiatrico.</text:span></text:p><text:p text:style-name="Standard"><text:span text:style-name="Strong_20_Emphasis"><text:span text:style-name="T12">Nel 1983, dopo una lunga malattia, viene a mancare nostro padre. Alda rimasta sola vive la sua solitudine di artista e donna, in uno stato psichico ancora debole. La non felice situazione finanziaria in cui versa, la porta ad affittare una stanza ad un amico pittore. Nello stesso periodo inizia un’amicizia con il poeta Michele Pierri che aveva dimostrato di apprezzare le sue poesie. L&apos;intesa fra i due si fa sempre più forte, malgrado i trent&apos;anni e la distanza che li separano, fino a quando, nel 1983 decide di sposarlo, solo con rito religioso, e si trasferisce a Taranto dove vi rimane per circa quattro anni. Questo periodo di apparente tranquillità non dura però a lungo, l’aggravarsi delle condizioni di salute di Pierri viene preso come pretesto dai figli del medico-poeta, da sempre contrari al loro matrimonio, per allontanare nostra madre. Questo le provoca un profondo stato depressivo che la riporterà a vivere nuovamente le torture e gli orrori dell’ospedale psichiatrico, questa volta di Taranto. </text:span></text:span></text:p><table:table table:name="Table18" table:style-name="Table18"><table:table-column table:style-name="Table18.A"/><table:table-row><table:table-cell table:style-name="Table18.A1" office:value-type="string"><text:p text:style-name="P24"/><table:table table:name="Table19" table:style-name="Table19"><table:table-column table:style-name="Table19.A"/><table:table-column table:style-name="Table19.B"/><table:table-row><table:table-cell table:style-name="Table19.A1" office:value-type="string"><text:p text:style-name="P33"/></table:table-cell><table:table-cell table:style-name="Table19.A1" office:value-type="string"><text:p text:style-name="P15"><text:span text:style-name="Emphasis"><text:span text:style-name="T22">Quando ci mettevano il cappio al collo<text:line-break/>e ci buttavano sulle brandine nude<text:line-break/>insieme a cocci immondi di bottiglie<text:line-break/>per favorire l&apos;autoannientamento,<text:line-break/>allora sulle fronti madide<text:line-break/>compariva il sudore degli orti sacri,<text:line-break/>degli orti maledetti degli ulivi.<text:line-break/>Quando gli infermieri bastardi<text:line-break/>ci sollevavano le gonne putride<text:line-break/>e ghignavano, ghignavano verde,<text:line-break/>era in quel momento preciso<text:line-break/>che volevamo la lapidazione.<text:line-break/>Quando venivamo inchiodati in un cesso<text:line-break/>per esser sottoposti alla Cerletti,<text:line-break/>era in quel momento che la Gestapo vinceva<text:line-break/>e i nostri maledettissimi corpi<text:line-break/>non osavano sferrare pugni a destra e a manca<text:line-break/>per la resurrezione degli uomini…</text:span></text:span></text:p></table:table-cell></table:table-row></table:table></table:table-cell></table:table-row></table:table><text:p text:style-name="P4"/><text:section text:style-name="Sect1" text:name="main"><text:section text:style-name="Sect1" text:name="content2"><text:p text:style-name="P6"><text:span text:style-name="Strong_20_Emphasis"><text:span text:style-name="T16">Biografia di Alda Merini - quinta parte</text:span></text:span></text:p><table:table table:name="Table20" table:style-name="Table20"><table:table-column table:style-name="Table20.A"/><table:table-row><table:table-cell table:style-name="Table20.A1" office:value-type="string"><text:p text:style-name="P30">Nel 1986,  rientra finalmente a Milano, sulle rive dell’amato Naviglio, dove riprende a scrivere e ricuce le amicizie di un tempo. Sono anni fecondi per la poetessa Merini, anni dove si contano sempre maggiori pubblicazioni ed interventi pubblici, anni in cui le vengono assegnati diversi premi letterari e una laurea honoris causa dall’Università di Messina. Ma soprattutto anni in cui la personale battaglia di nostra madre con la sua indomabile vicenda esistenziale, la sua fragilità emotiva, provata dai lunghi periodi in manicomio e dalle ombre che ancora saltuariamente popolano la sua mente, trova <text:soft-page-break/>finalmente la serenità a lungo cercata. </text:p></table:table-cell></table:table-row></table:table></text:section></text:section><text:p text:style-name="P3">Diviene un personaggio di successo, comincia a guadagnare i primi soldini, ma non cambia il suo stile: continua a vivere come una clochard nella casa dei Navigli, in un passato sepolto sotto mille oggetti accumulati nel tempo, in una casa piena di libri, quadri e fotografie, dove i muri divengono la rubrica su cui scrivere i numeri di telefono, ed il pavimento è un mosaico di sigarette spente… un rifugio, nella foschia dei Navigli, per artisti,  barboni o squattrinati, che le facevano visita.  La sola volta che lascia  il suo rifugio è quando ottiene il premio Montale Guggenheim; con in tasca i soldi vinti chiude a chiave la sua amata casa in Ripa di Porta Ticinese 47 è si trasferisce all’hotel Certosa, dove vi rimane fino a quando non finisce tutti i soldi, in buona parte donati ai barboni che incontra per strada.</text:p><text:p text:style-name="P3"/><text:p text:style-name="P3">Il nostro rapporto con nostra madre è sempre stato assai complesso, evasivo, la vita di nostra madre ha influenzato positivamente ma anche negativamente le nostre scelte, ma soprattutto la nostra vita. Un rapporto iniziato con difficoltà già dai nostri primi anni. <text:line-break/><text:span text:style-name="Emphasis">Alda: “Vivono lontane da me, sono andate in affido presso famiglie lontane, solo due di loro, ma dei miei figli non voglio parlare… Mi vogliono bene, come tutti… bisogna stare molto attenti a non confondere il fanatismo con l’amore. Voglio dire che il poeta non c’è, c’è la figura umana del poeta. Io credo che sul piano umano sono stata molto più grande che sul piano della </text:span><text:a xlink:type="simple" xlink:href="http://www.aldamerini.it/Poesie/Poesie-di-Alda-Merini/" text:style-name="Internet_20_link" text:visited-style-name="Visited_20_Internet_20_Link"><text:span text:style-name="Emphasis"><text:span text:style-name="Strong_20_Emphasis">poesia</text:span></text:span></text:a><text:span text:style-name="Emphasis">. Forse plaudono in me questo”.</text:span><text:line-break/>Difficile era, ed è stato, rapportarsi con una madre-poetessa, la cui vicenda personale è diventata con il tempo sempre più motivo di interesse  per critici e lettori. Un poetessa che conta un numero sempre maggiore di pubblicazioni e di interventi pubblici, anche se il maggior numero di liriche è riposto nei cassetti di vari scrittori, amici o conoscenti occasionali, data la tendenza di nostra madre a regalare i propri manoscritti.</text:p><text:p text:style-name="P3"/><text:p text:style-name="P3"/><table:table table:name="Table21" table:style-name="Table21"><table:table-column table:style-name="Table21.A"/><table:table-column table:style-name="Table21.B"/><table:table-row><table:table-cell table:style-name="Table21.A1" office:value-type="string"><text:p text:style-name="Table_20_Contents"><text:span text:style-name="Emphasis"><text:span text:style-name="T19">Alda: “Ho la sensazione di durare troppo, di non riuscire a spegnermi: come tutti i vecchi le mie radici stentano a mollare la terra. Ma del resto dico spesso a tutti quelli, che quella croce senza giustizia che è stato il mio manicomio non ha fatto che rivelarmi la grande potenza della vita”. </text:span></text:span></text:p></table:table-cell><table:table-cell table:style-name="Table21.A1" office:value-type="string"><text:p text:style-name="Table_20_Contents"/></table:table-cell></table:table-row></table:table><text:p text:style-name="P3"/><text:p text:style-name="P9">Nostra madre si è spenta il 1° novembre 2009 all’Ospedale San Paolo di Milano, in seguito ad un tumore, fumando le sue amatissime ed inseparabili sigarette, una dietro l’altra fino all’ultimo, incurante dei divieti.</text:p><text:p text:style-name="P8"><text:span text:style-name="T19">I tristi rintocchi funebri delle campane del Duomo di Milano pesano ancora sui nostri cuori mentre ricordiamo quello che raccontava di noi:</text:span><text:span text:style-name="Emphasis"><text:span text:style-name="T19"><text:line-break/>“Ho avuto quattro figlie. Allevate poi da altre famiglie. Non so neppure come ho trovato il tempo per farle. Si chiamano Emanuela, Barbara, Flavia e Simonetta. A loro raccomando sempre di non dire che sono figlie della poetessa Alda Merini. Quella pazza. Rispondono che io sono la loro mamma e </text:span></text:span><text:soft-page-break/><text:span text:style-name="Emphasis"><text:span text:style-name="T19">basta, che non si vergognano di me. Mi commuovono”.</text:span></text:span></text:p><text:p text:style-name="P3">Nonostante le parole della nostra amatissima madre siamo onorate di ringraziare le migliaia di persone che si sono recate a porgere il loro saluto alla  piccola ape furibonda che, con la sua vita difficile e la sua opera sofferta, ha segnato la storia culturale non solo di Milano. <text:line-break/>E a tutti quelli che, con noi, hanno pianto la morte di nostra madre vogliamo ricordare che lei la sua vita l’ha goduta, l’ha goduta tutta…<text:span text:style-name="Emphasis"><text:line-break/><text:line-break/>Alda: “Io la vita l’ho goduta tutta, a dispetto di quello che vanno dicendo sul manicomio.<text:line-break/>Io la vita l’ho goduta perché mi piace anche l’inferno della vita e la vita è spesso un inferno…. per me la vita è stata bella perché l’ho pagata cara”.</text:span></text:p></office:text></office:body></office:document-content>